Tweet_count,Username,Text,Created_at,Likes,Retweets
1,Elon Musk - Parody,"Hello Friends!

Would you accept this Tesla Model Phone as a Christmas gift? ğŸ„

A. Yes
B. No https://t.co/5ri9VVV3iF",Sat Dec 07 17:12:04 +0000 2024,29314,2208
2,Elon Musk,This kid has great instincts https://t.co/FyYIADelrc,Mon Dec 09 02:39:22 +0000 2024,54951,7051
3,YNWA 2.0,"The impact of @elonmusk  buying Twitter canâ€™t be understated.

Imagine how different the world would be today if not for Elon? 

Everything changed. https://t.co/afLQMx5v3i",Thu Dec 05 06:42:20 +0000 2024,1913,551
4,Brandy Bryant ğŸ³ï¸â€âš§ï¸,Elon never spends time with his kids but the day after a CEO gets shot in the streets he's father of the year hanging with his little human shield. https://t.co/BZbKnEVXQf,Fri Dec 06 11:22:48 +0000 2024,354731,25295
5,Elon Musk - Parody,"Do you have faith in Jesus Christ ??

Be honest 

A. No 
B. Yes https://t.co/5zPX7gzsBE",Fri Dec 06 22:24:12 +0000 2024,1112,145
6,Elon Musk,"There will ultimately be tens of millions of driverless Teslas throughout the world giving rides 24/7 
 https://t.co/zWK5dHy75e",Mon Dec 09 02:50:47 +0000 2024,66731,5861
7,Elon Musk,Hey babe wyd https://t.co/FE8BZ9Bg4R,Mon Dec 09 02:19:05 +0000 2024,28650,2079
8,Not Elon Musk,Do you like this design for Trumpâ€™s new limo? https://t.co/nncvZoKmCz,Sat Dec 07 00:09:39 +0000 2024,991,131
9,JOSH DUNLAP,Elon Musk is in Paris with President Elect Donald Trump and Italian PM Giorgia Meloni https://t.co/gXTuF8SQ2q,Sun Dec 08 00:49:08 +0000 2024,663,95
10,Elon Musk,https://t.co/eYTt40ahVq,Sat Dec 07 06:42:33 +0000 2024,1286340,94741
11,Elon Musk - Parody,Can you Solve this IQ Test ğŸ§  ? https://t.co/M3ltTd8kPk,Sat Dec 07 19:25:21 +0000 2024,6281,699
12,Tesla Owners Silicon Valley,"â€œMy children didnâ€™t choose to be born, I chose to have children. They owe me nothing, I owe them everythingâ€

Elon Musk https://t.co/ZpuTqK8aOs",Sun Nov 24 17:56:49 +0000 2024,2332,283
13,Jakey,"Everyone is talking about a possible 
snuggle/hump relationship between 
      Elon Musk and Giorgia Meloni!

           What do you think? https://t.co/YXhmmi1vqB",Sun Dec 08 21:22:41 +0000 2024,127,24
14,Elon Musk,https://t.co/6NJ8JYVrLx,Mon Dec 09 02:47:08 +0000 2024,44582,4400
15,SMX ğŸ‡ºğŸ‡¸,"""We're gonna go to the Moon, we're gonna have a base on the Moon, we're gonna send people to Mars and make life multiplanetary.""

-Elon Musk https://t.co/89vzC7778V",Sat Dec 07 07:30:52 +0000 2024,796,165
16,Tesla Owners Silicon Valley,"â€œMy children didnâ€™t choose to be born, I chose to have children. They owe me nothing, I owe them everythingâ€

Elon Musk https://t.co/erHk5ODF0z",Sat Nov 23 23:05:32 +0000 2024,12988,1498
17,SMX ğŸ‡ºğŸ‡¸,"Elon Musk meets President Trump today at the reopening ceremony of the iconic Notre Dame Cathedral in Paris, France. ğŸ‡«ğŸ‡· https://t.co/o8Tza8NoBo",Sat Dec 07 20:13:11 +0000 2024,1690,228
18,BRICS News,"ğŸ‡ºğŸ‡¸ğŸ‡®ğŸ‡¹ Elon Musk and Italian Prime Minister Meloni. 

What do you notice? https://t.co/qkVJDrH6e3",Mon Dec 09 01:51:17 +0000 2024,3663,444
19,johnny maga,Trump and Elon are actually boys ğŸ¤£ https://t.co/21vMpnXksv,Sun Nov 17 05:43:46 +0000 2024,68905,3334
20,Elon Musk,https://t.co/G1z6Y4Lze5,Mon Dec 09 02:55:21 +0000 2024,30608,3370
21,Bilal bin Saqib MBE,"Great day at the F1 yacht party, hanging out with Errol Muskâ€”father of Elon Musk. What a fascinating conversation!
@binance https://t.co/45Bs8NqBRP",Sun Dec 08 18:33:32 +0000 2024,236,33
22,ELON CLIPS,"Elon Musk in 2018: Starship will be a point of proof to inspire other companies and countries.

â€œOnce we build [Starship], we'll have a point of proof, something that other companies and countries can then go and do. 

They currently don't think it's possible. 

So, if we show https://t.co/0HbaTYbVp5",Mon Dec 09 04:10:26 +0000 2024,35,9
23,Elon Musk - Parody,"Be Honest!

If you  suddenly become rich, will you help the poor?

A. Yes
B. No https://t.co/swP1alR06D",Sun Dec 08 19:05:57 +0000 2024,3259,339
24,Jessica ğŸ‡ºğŸ‡¸,"Prime Minister of Italy Giorgia Meloni and Elon Musk

They are so cute together.

ğŸ”Š sound on ... ğŸ¥°ğŸ˜

https://t.co/oY4srNPsiV",Sun Dec 08 21:51:23 +0000 2024,1196,133
25,Elon Musk,@catturd2 No,Mon Dec 09 04:09:18 +0000 2024,1104,55
26,Elon Musk (Parody),Which Memecoin is gonna do this next ? https://t.co/FfdXhVphQ0,Sun Dec 08 01:29:58 +0000 2024,3895,489
27,ğŸš€ Technodoge ğŸ”´ (Fan Account),"""For me, the social cues were not intuitive. I was just very bookish and I didn't understand these""

- Elon Musk https://t.co/rSGhtpu1gL",Sun Dec 08 16:00:00 +0000 2024,325,54
28,Dima Zeniuk,"â€œI'm on team humanity.â€

 â€” Elon Musk https://t.co/6rX9iwJK6S",Sun Dec 08 22:57:31 +0000 2024,941,99
29,SMX ğŸ‡ºğŸ‡¸,"Elon Musk is the busiest man alive.

""I go to sleep, I wake up, I work. I do that 7 days a week, I'll have to do that, no choice."" https://t.co/P9MeoL5un5",Sun Dec 08 04:17:12 +0000 2024,932,169
30,Musk University | Quotes (parody),"Happy Sunday ğ•, sorry I havenâ€™t been about, did you miss me? I missed you! Thanks for all the messages and comments on the post that I had to take down (cos it looked like my nine year old wrote it) Hope you all have a great day, keep smiling  people! ğŸ™‚

| Elon Musk https://t.co/i0iJyF1l4Y",Sun Dec 08 14:53:26 +0000 2024,113,15
31,Elon Musk Daily (commentary),"Be honest.

Do you believe jesus Christ is the king of all kings ??

A. Yes 
B. No https://t.co/zn3zzvujmm",Sun Dec 08 18:33:17 +0000 2024,555,49
32,Elon Musk - Parody,"Can you solve it? If you can, Iâ€™ll hire you. https://t.co/kP58jeoqHY",Fri Dec 06 13:58:07 +0000 2024,49167,4291
33,Elon Musk - Parody,People with right answer are genius https://t.co/r9UjIHiN0Z,Thu Dec 05 06:40:19 +0000 2024,4447,439
34,Elon Musk (Fan),"Would you agree to be my friend?

A. Yes
B. No https://t.co/2ZHYCOmINP",Sun Dec 08 21:12:19 +0000 2024,791,106
35,ğŸ˜± Scary Larry ğŸ˜± ğŸ‡ºğŸ‡¦âœŠğŸ»ğŸ‡ºğŸ‡¸ğŸ—½,Elon Musk wasnâ€™t lying when he said this. He didnâ€™t donate money to trump. He bought him. https://t.co/tNQvvB2nVP,Sat Dec 07 04:27:50 +0000 2024,367,127
36,Tesla Owners Silicon Valley,The bound between Elon Musk and ğ• ğŸ«¶ğŸ¼ https://t.co/Kx7teQLSDL,Fri Dec 06 08:17:13 +0000 2024,2621,320
37,Not Elon Musk,Do you love the USA? ğŸ‡ºğŸ‡¸ https://t.co/SgTU3WaUOE,Mon Dec 09 01:26:50 +0000 2024,232,39
38,Musk University | Quotes (parody),"Do you think Donald Trump put the point across with Emmanuel Macron?

| Elon Musk https://t.co/zEACPDmaUP",Sun Dec 08 18:30:30 +0000 2024,110,23
